Country Name,Country Code,Indicator Name,Indicator Code,2001年,2002年,2003年,2004年,2005年,2006年,2007年,2008年,2009年,2010年,2011年,2012年,2013年,2014年,2015年,2016年,2017年
阿鲁巴,ABW,贫困人口比例，按每天1.90美元衡量的（2011 PPP）（占人口的百分比）,SI.POV.DDAY,,,,,,,,,,,,,,,,,
阿富汗,AFG,贫困人口比例，按每天1.90美元衡量的（2011 PPP）（占人口的百分比）,SI.POV.DDAY,,,,,,,,,,,,,,,,,
安哥拉,AGO,贫困人口比例，按每天1.90美元衡量的（2011 PPP）（占人口的百分比）,SI.POV.DDAY,,,,,,,,30.1,,,,,,,,,
阿尔巴尼亚,ALB,贫困人口比例，按每天1.90美元衡量的（2011 PPP）（占人口的百分比）,SI.POV.DDAY,,2,,,1.1,,,0.4,,,,1.1,,,,,
安道尔共和国,AND,贫困人口比例，按每天1.90美元衡量的（2011 PPP）（占人口的百分比）,SI.POV.DDAY,,,,,,,,,,,,,,,,,
阿拉伯联盟国家,ARB,贫困人口比例，按每天1.90美元衡量的（2011 PPP）（占人口的百分比）,SI.POV.DDAY,,,,,,,,,,,,,,,,,
阿拉伯联合酋长国,ARE,贫困人口比例，按每天1.90美元衡量的（2011 PPP）（占人口的百分比）,SI.POV.DDAY,,,,,,,,,,,,,,,,,
阿根廷,ARG,贫困人口比例，按每天1.90美元衡量的（2011 PPP）（占人口的百分比）,SI.POV.DDAY,9.4,14,6.8,5.2,3.7,3.2,2.6,2.6,2.5,2.2,0.9,0.8,0.7,0.7,,0.7,0.5
亚美尼亚,ARM,贫困人口比例，按每天1.90美元衡量的（2011 PPP）（占人口的百分比）,SI.POV.DDAY,19.3,15.1,11.4,7.9,4.5,3.2,2.8,1.4,1.9,1.9,2.2,1.6,2.2,2.3,1.9,1.8,1.4
美属萨摩亚,ASM,贫困人口比例，按每天1.90美元衡量的（2011 PPP）（占人口的百分比）,SI.POV.DDAY,,,,,,,,,,,,,,,,,
安提瓜和巴布达,ATG,贫困人口比例，按每天1.90美元衡量的（2011 PPP）（占人口的百分比）,SI.POV.DDAY,,,,,,,,,,,,,,,,,
澳大利亚,AUS,贫困人口比例，按每天1.90美元衡量的（2011 PPP）（占人口的百分比）,SI.POV.DDAY,0.7,,1,0.7,,,,0.5,,0.5,,,,0.7,,,
奥地利,AUT,贫困人口比例，按每天1.90美元衡量的（2011 PPP）（占人口的百分比）,SI.POV.DDAY,,,0.2,0,0.2,0,0.5,0.5,0.5,0.5,0.5,0.5,0.2,0.2,0.7,,
阿塞拜疆,AZE,贫困人口比例，按每天1.90美元衡量的（2011 PPP）（占人口的百分比）,SI.POV.DDAY,2.7,0,0,0,0,,,,,,,,,,,,
布隆迪,BDI,贫困人口比例，按每天1.90美元衡量的（2011 PPP）（占人口的百分比）,SI.POV.DDAY,,,,,,77.7,,,,,,,71.8,,,,
比利时,BEL,贫困人口比例，按每天1.90美元衡量的（2011 PPP）（占人口的百分比）,SI.POV.DDAY,,,0.2,0,0.2,0.2,0.2,0,0,0.2,0.2,0.2,0.2,0,0,,
贝宁,BEN,贫困人口比例，按每天1.90美元衡量的（2011 PPP）（占人口的百分比）,SI.POV.DDAY,,,48.8,,,,,,,,53.1,,,,49.5,,
布基纳法索,BFA,贫困人口比例，按每天1.90美元衡量的（2011 PPP）（占人口的百分比）,SI.POV.DDAY,,,57.3,,,,,,55.3,,,,,43.7,,,
孟加拉国,BGD,贫困人口比例，按每天1.90美元衡量的（2011 PPP）（占人口的百分比）,SI.POV.DDAY,,,,,25.7,,,,,19.6,,,,,,14.8,
保加利亚,BGR,贫困人口比例，按每天1.90美元衡量的（2011 PPP）（占人口的百分比）,SI.POV.DDAY,,,,,,5.5,1.7,1.2,1.2,2,2.2,2,1.7,1.5,,,
巴林,BHR,贫困人口比例，按每天1.90美元衡量的（2011 PPP）（占人口的百分比）,SI.POV.DDAY,,,,,,,,,,,,,,,,,
巴哈马,BHS,贫困人口比例，按每天1.90美元衡量的（2011 PPP）（占人口的百分比）,SI.POV.DDAY,,,,,,,,,,,,,,,,,
波斯尼亚和黑塞哥维那,BIH,贫困人口比例，按每天1.90美元衡量的（2011 PPP）（占人口的百分比）,SI.POV.DDAY,0.3,,,0.2,,,0.1,,,,0.1,,,,,,
白俄罗斯,BLR,贫困人口比例，按每天1.90美元衡量的（2011 PPP）（占人口的百分比）,SI.POV.DDAY,3.2,2.1,1.4,0.3,0.4,0.1,0.1,0,0,0,0,0,0,0,0,0,0
伯利兹,BLZ,贫困人口比例，按每天1.90美元衡量的（2011 PPP）（占人口的百分比）,SI.POV.DDAY,,,,,,,,,,,,,,,,,
百慕大,BMU,贫困人口比例，按每天1.90美元衡量的（2011 PPP）（占人口的百分比）,SI.POV.DDAY,,,,,,,,,,,,,,,,,
玻利维亚,BOL,贫困人口比例，按每天1.90美元衡量的（2011 PPP）（占人口的百分比）,SI.POV.DDAY,22.8,24.7,,13.7,19.3,16.4,12.4,11.1,10.5,,7.3,8.2,6.9,5.8,6.4,7.1,5.8
巴西,BRA,贫困人口比例，按每天1.90美元衡量的（2011 PPP）（占人口的百分比）,SI.POV.DDAY,11.6,10.3,11.1,9.7,8.6,7.2,6.8,5.6,5.4,,4.7,3.8,3.8,2.8,3.4,4.3,4.8
巴巴多斯,BRB,贫困人口比例，按每天1.90美元衡量的（2011 PPP）（占人口的百分比）,SI.POV.DDAY,,,,,,,,,,,,,,,,,
文莱达鲁萨兰国,BRN,贫困人口比例，按每天1.90美元衡量的（2011 PPP）（占人口的百分比）,SI.POV.DDAY,,,,,,,,,,,,,,,,,
不丹,BTN,贫困人口比例，按每天1.90美元衡量的（2011 PPP）（占人口的百分比）,SI.POV.DDAY,,,17.6,,,,8,,,,,2.2,,,,,1.5
博茨瓦纳,BWA,贫困人口比例，按每天1.90美元衡量的（2011 PPP）（占人口的百分比）,SI.POV.DDAY,,29.8,,,,,,,18.2,,,,,,16.1,,
中非共和国,CAF,贫困人口比例，按每天1.90美元衡量的（2011 PPP）（占人口的百分比）,SI.POV.DDAY,,,64.8,,,,,66.3,,,,,,,,,
加拿大,CAN,贫困人口比例，按每天1.90美元衡量的（2011 PPP）（占人口的百分比）,SI.POV.DDAY,,,,0.2,,,0.2,,,0.2,,,0.5,,,,
中歐和波羅的海,CEB,贫困人口比例，按每天1.90美元衡量的（2011 PPP）（占人口的百分比）,SI.POV.DDAY,,,,,,,,,,,,,,,,,
瑞士,CHE,贫困人口比例，按每天1.90美元衡量的（2011 PPP）（占人口的百分比）,SI.POV.DDAY,,,,,,0,0,0,0,0,0,0,0,0,0,,
海峡群岛,CHI,贫困人口比例，按每天1.90美元衡量的（2011 PPP）（占人口的百分比）,SI.POV.DDAY,,,,,,,,,,,,,,,,,
智利,CHL,贫困人口比例，按每天1.90美元衡量的（2011 PPP）（占人口的百分比）,SI.POV.DDAY,,,4.2,,,2.4,,,2.6,,1.6,,0.9,,1.3,,0.7
中国,CHN,贫困人口比例，按每天1.90美元衡量的（2011 PPP）（占人口的百分比）,SI.POV.DDAY,,31.7,,,18.5,,,14.8,,11.2,7.9,6.5,1.9,1.4,0.7,,
科特迪瓦,CIV,贫困人口比例，按每天1.90美元衡量的（2011 PPP）（占人口的百分比）,SI.POV.DDAY,,23.2,,,,,,29.1,,,,,,,28.2,,
喀麦隆,CMR,贫困人口比例，按每天1.90美元衡量的（2011 PPP）（占人口的百分比）,SI.POV.DDAY,23.1,,,,,,29.3,,,,,,,23.8,,,
刚果（金）,COD,贫困人口比例，按每天1.90美元衡量的（2011 PPP）（占人口的百分比）,SI.POV.DDAY,,,,94.1,,,,,,,,76.6,,,,,
刚果（布）,COG,贫困人口比例，按每天1.90美元衡量的（2011 PPP）（占人口的百分比）,SI.POV.DDAY,,,,,53.4,,,,,,37,,,,,,
哥伦比亚,COL,贫困人口比例，按每天1.90美元衡量的（2011 PPP）（占人口的百分比）,SI.POV.DDAY,19.7,14.3,12,10.9,9.7,,,10.4,8.9,7.7,6.3,6.2,5.7,5,4.5,4.5,3.9
科摩罗,COM,贫困人口比例，按每天1.90美元衡量的（2011 PPP）（占人口的百分比）,SI.POV.DDAY,,,,13.5,,,,,,,,,17.9,,,,
佛得角,CPV,贫困人口比例，按每天1.90美元衡量的（2011 PPP）（占人口的百分比）,SI.POV.DDAY,16.2,,,,,,8.1,,,,,,,,,,
哥斯达黎加,CRI,贫困人口比例，按每天1.90美元衡量的（2011 PPP）（占人口的百分比）,SI.POV.DDAY,4.7,4.5,4.4,4.3,3.1,3.2,1.7,2.2,2.4,1.5,1.6,1.6,1.6,1.4,1.5,1.3,1
加勒比小国,CSS,贫困人口比例，按每天1.90美元衡量的（2011 PPP）（占人口的百分比）,SI.POV.DDAY,,,,,,,,,,,,,,,,,
古巴,CUB,贫困人口比例，按每天1.90美元衡量的（2011 PPP）（占人口的百分比）,SI.POV.DDAY,,,,,,,,,,,,,,,,,
库拉索,CUW,贫困人口比例，按每天1.90美元衡量的（2011 PPP）（占人口的百分比）,SI.POV.DDAY,,,,,,,,,,,,,,,,,
开曼群岛,CYM,贫困人口比例，按每天1.90美元衡量的（2011 PPP）（占人口的百分比）,SI.POV.DDAY,,,,,,,,,,,,,,,,,
塞浦路斯,CYP,贫困人口比例，按每天1.90美元衡量的（2011 PPP）（占人口的百分比）,SI.POV.DDAY,,,,0,0,0,0,0,0,0,0,0,0,0,0,,
捷克共和国,CZE,贫困人口比例，按每天1.90美元衡量的（2011 PPP）（占人口的百分比）,SI.POV.DDAY,,,,0,0,0,0,0,0,0,0,0,0,0,0,,
德国,DEU,贫困人口比例，按每天1.90美元衡量的（2011 PPP）（占人口的百分比）,SI.POV.DDAY,0,0,0.25,0,0,0,0,0,0,0,0,,0,,0,,
吉布提,DJI,贫困人口比例，按每天1.90美元衡量的（2011 PPP）（占人口的百分比）,SI.POV.DDAY,,20.6,,,,,,,,,,18.3,22.7,,,,17.1
多米尼克,DMA,贫困人口比例，按每天1.90美元衡量的（2011 PPP）（占人口的百分比）,SI.POV.DDAY,,,,,,,,,,,,,,,,,
丹麦,DNK,贫困人口比例，按每天1.90美元衡量的（2011 PPP）（占人口的百分比）,SI.POV.DDAY,,,0.2,0.2,0.2,0.2,0,0.2,0.5,0,0,0,0.2,0.2,0.2,,
多米尼加共和国,DOM,贫困人口比例，按每天1.90美元衡量的（2011 PPP）（占人口的百分比）,SI.POV.DDAY,3.9,5.6,6.6,8.5,5.6,4.3,4.3,3.7,3.1,2.5,2.9,2.6,2.2,2.1,1.8,1.6,
阿尔及利亚,DZA,贫困人口比例，按每天1.90美元衡量的（2011 PPP）（占人口的百分比）,SI.POV.DDAY,,,,,,,,,,,0.5,,,,,,
东亚与太平洋地区（不包括高收入）,EAP,贫困人口比例，按每天1.90美元衡量的（2011 PPP）（占人口的百分比）,SI.POV.DDAY,,,,,,,,,,,,,,,,,
早人口紅利,EAR,贫困人口比例，按每天1.90美元衡量的（2011 PPP）（占人口的百分比）,SI.POV.DDAY,,,,,,,,,,,,,,,,,
东亚与太平洋地区,EAS,贫困人口比例，按每天1.90美元衡量的（2011 PPP）（占人口的百分比）,SI.POV.DDAY,,29.7,,,18.9,,,15.3,,11.2,8.6,7.2,3.6,,2.3,,
欧洲与中亚地区（不包括高收入）,ECA,贫困人口比例，按每天1.90美元衡量的（2011 PPP）（占人口的百分比）,SI.POV.DDAY,,,,,,,,,,,,,,,,,
欧洲与中亚地区,ECS,贫困人口比例，按每天1.90美元衡量的（2011 PPP）（占人口的百分比）,SI.POV.DDAY,,6,,,4.9,,,2.8,,2.4,2.1,1.9,1.6,,1.5,,
厄瓜多尔,ECU,贫困人口比例，按每天1.90美元衡量的（2011 PPP）（占人口的百分比）,SI.POV.DDAY,,,14.5,15,12.1,8.1,8.5,7.5,7.2,5.6,4.7,4.5,3.2,2.6,3.4,3.6,3.2
阿拉伯埃及共和国,EGY,贫困人口比例，按每天1.90美元衡量的（2011 PPP）（占人口的百分比）,SI.POV.DDAY,,,,4.4,,,,3.9,,1.7,,1.3,,,1.3,,
欧洲货币联盟,EMU,贫困人口比例，按每天1.90美元衡量的（2011 PPP）（占人口的百分比）,SI.POV.DDAY,,,,,,,,,,,,,,,,,
厄立特里亚,ERI,贫困人口比例，按每天1.90美元衡量的（2011 PPP）（占人口的百分比）,SI.POV.DDAY,,,,,,,,,,,,,,,,,
西班牙,ESP,贫困人口比例，按每天1.90美元衡量的（2011 PPP）（占人口的百分比）,SI.POV.DDAY,,,0.7,0.7,0.7,0.7,0.4,0.5,0.7,0.7,1.2,1,1.2,0.7,1,,
爱沙尼亚,EST,贫困人口比例，按每天1.90美元衡量的（2011 PPP）（占人口的百分比）,SI.POV.DDAY,,,2.5,1,0.7,0.7,0.5,0.5,0.5,0.7,1,0.7,1,0.7,0.5,,
埃塞俄比亚,ETH,贫困人口比例，按每天1.90美元衡量的（2011 PPP）（占人口的百分比）,SI.POV.DDAY,,,,37.2,,,,,,33.5,,,,,30.8,,
欧洲联盟,EUU,贫困人口比例，按每天1.90美元衡量的（2011 PPP）（占人口的百分比）,SI.POV.DDAY,,,,,,,,,,,,,,,,,
脆弱和受衝突影響的情況下,FCS,贫困人口比例，按每天1.90美元衡量的（2011 PPP）（占人口的百分比）,SI.POV.DDAY,,49.3,,,44.9,,,40.1,,37.2,36.7,35.2,34.3,,34.4,,
芬兰,FIN,贫困人口比例，按每天1.90美元衡量的（2011 PPP）（占人口的百分比）,SI.POV.DDAY,,,0,0,0,0,0,0,0,0,0,0,0,0,0,,
斐济,FJI,贫困人口比例，按每天1.90美元衡量的（2011 PPP）（占人口的百分比）,SI.POV.DDAY,,4.9,,,,,,3.5,,,,,1.4,,,,
法国,FRA,贫困人口比例，按每天1.90美元衡量的（2011 PPP）（占人口的百分比）,SI.POV.DDAY,,,0,0,0,0,0,0,0,0,0,0,0,0,0,,
法罗群岛,FRO,贫困人口比例，按每天1.90美元衡量的（2011 PPP）（占人口的百分比）,SI.POV.DDAY,,,,,,,,,,,,,,,,,
密克罗尼西亚联邦,FSM,贫困人口比例，按每天1.90美元衡量的（2011 PPP）（占人口的百分比）,SI.POV.DDAY,,,,,8.1,,,,,,,,15.4,,,,
加蓬,GAB,贫困人口比例，按每天1.90美元衡量的（2011 PPP）（占人口的百分比）,SI.POV.DDAY,,,,,8,,,,,,,,,,,,3.4
英国,GBR,贫困人口比例，按每天1.90美元衡量的（2011 PPP）（占人口的百分比）,SI.POV.DDAY,,,,0.5,0.5,0.2,0.2,0.2,0.2,0.2,0.2,0.2,0.2,0.2,0.2,,
格鲁吉亚,GEO,贫困人口比例，按每天1.90美元衡量的（2011 PPP）（占人口的百分比）,SI.POV.DDAY,19.4,10.5,10.7,10.1,10.9,10.5,11.8,10.4,10.3,12.2,11.3,8.6,6.6,5,3.8,3.9,5
加纳,GHA,贫困人口比例，按每天1.90美元衡量的（2011 PPP）（占人口的百分比）,SI.POV.DDAY,,,,,24.5,,,,,,,12,,,,13.3,
直布罗陀,GIB,贫困人口比例，按每天1.90美元衡量的（2011 PPP）（占人口的百分比）,SI.POV.DDAY,,,,,,,,,,,,,,,,,
几内亚,GIN,贫困人口比例，按每天1.90美元衡量的（2011 PPP）（占人口的百分比）,SI.POV.DDAY,,62.2,,,,,59.7,,,,,35.3,,,,,
冈比亚,GMB,贫困人口比例，按每天1.90美元衡量的（2011 PPP）（占人口的百分比）,SI.POV.DDAY,,,45.3,,,,,,,25.1,,,,,10.1,,
几内亚比绍共和国,GNB,贫困人口比例，按每天1.90美元衡量的（2011 PPP）（占人口的百分比）,SI.POV.DDAY,,53.9,,,,,,,,67.1,,,,,,,
赤道几内亚,GNQ,贫困人口比例，按每天1.90美元衡量的（2011 PPP）（占人口的百分比）,SI.POV.DDAY,,,,,,,,,,,,,,,,,
希腊,GRC,贫困人口比例，按每天1.90美元衡量的（2011 PPP）（占人口的百分比）,SI.POV.DDAY,,,0.5,0.7,0.2,0.5,0.5,0.5,0.5,1,1.2,1.5,1,1.5,1.5,,
格林纳达,GRD,贫困人口比例，按每天1.90美元衡量的（2011 PPP）（占人口的百分比）,SI.POV.DDAY,,,,,,,,,,,,,,,,,
格陵兰,GRL,贫困人口比例，按每天1.90美元衡量的（2011 PPP）（占人口的百分比）,SI.POV.DDAY,,,,,,,,,,,,,,,,,
危地马拉,GTM,贫困人口比例，按每天1.90美元衡量的（2011 PPP）（占人口的百分比）,SI.POV.DDAY,,,,,,11.1,,,,,,,,8.7,,,
关岛,GUM,贫困人口比例，按每天1.90美元衡量的（2011 PPP）（占人口的百分比）,SI.POV.DDAY,,,,,,,,,,,,,,,,,
圭亚那,GUY,贫困人口比例，按每天1.90美元衡量的（2011 PPP）（占人口的百分比）,SI.POV.DDAY,,,,,,,,,,,,,,,,,
高收入国家,HIC,贫困人口比例，按每天1.90美元衡量的（2011 PPP）（占人口的百分比）,SI.POV.DDAY,,0.6,,,0.6,,,0.5,,0.6,0.6,0.6,0.6,,0.7,,
中国香港特别行政区,HKG,贫困人口比例，按每天1.90美元衡量的（2011 PPP）（占人口的百分比）,SI.POV.DDAY,,,,,,,,,,,,,,,,,
洪都拉斯,HND,贫困人口比例，按每天1.90美元衡量的（2011 PPP）（占人口的百分比）,SI.POV.DDAY,21.3,23.4,28.1,27.2,26.5,22.5,17.2,16.5,13.8,15,17.1,19.6,17.3,15.9,16.2,16,17.2
重债穷国 (HIPC),HPC,贫困人口比例，按每天1.90美元衡量的（2011 PPP）（占人口的百分比）,SI.POV.DDAY,,,,,,,,,,,,,,,,,
克罗地亚,HRV,贫困人口比例，按每天1.90美元衡量的（2011 PPP）（占人口的百分比）,SI.POV.DDAY,,,,,,,,,1,1.2,0.7,0.7,0.7,1,0.7,,
海地,HTI,贫困人口比例，按每天1.90美元衡量的（2011 PPP）（占人口的百分比）,SI.POV.DDAY,,,,,,,,,,,,25,,,,,
匈牙利,HUN,贫困人口比例，按每天1.90美元衡量的（2011 PPP）（占人口的百分比）,SI.POV.DDAY,,,,0.2,0.7,0.2,0,0,0,0,0,0.2,0.2,0.7,0.5,,
只有IBRD,IBD,贫困人口比例，按每天1.90美元衡量的（2011 PPP）（占人口的百分比）,SI.POV.DDAY,,,,,,,,,,,,,,,,,
IBRD与IDA,IBT,贫困人口比例，按每天1.90美元衡量的（2011 PPP）（占人口的百分比）,SI.POV.DDAY,,,,,,,,,,,,,,,,,
IDA總,IDA,贫困人口比例，按每天1.90美元衡量的（2011 PPP）（占人口的百分比）,SI.POV.DDAY,,48.3,,,41.7,,,37.7,,35.4,34.2,32.9,31.9,,30.8,,
IDA混合,IDB,贫困人口比例，按每天1.90美元衡量的（2011 PPP）（占人口的百分比）,SI.POV.DDAY,,,,,,,,,,,,,,,,,
印度尼西亚,IDN,贫困人口比例，按每天1.90美元衡量的（2011 PPP）（占人口的百分比）,SI.POV.DDAY,35.5,22.8,22.6,23.9,21.1,27.4,22.4,21.8,18.2,15.7,13.3,11.6,9.4,7.9,7.2,6.5,5.7
只有IDA,IDX,贫困人口比例，按每天1.90美元衡量的（2011 PPP）（占人口的百分比）,SI.POV.DDAY,,,,,,,,,,,,,,,,,
马恩岛,IMN,贫困人口比例，按每天1.90美元衡量的（2011 PPP）（占人口的百分比）,SI.POV.DDAY,,,,,,,,,,,,,,,,,
印度,IND,贫困人口比例，按每天1.90美元衡量的（2011 PPP）（占人口的百分比）,SI.POV.DDAY,,,,38.2,,,,,31.1,,21.2,,,,,,
未分类国家,INX,贫困人口比例，按每天1.90美元衡量的（2011 PPP）（占人口的百分比）,SI.POV.DDAY,,,,,,,,,,,,,,,,,
爱尔兰,IRL,贫困人口比例，按每天1.90美元衡量的（2011 PPP）（占人口的百分比）,SI.POV.DDAY,,,0.2,0,0,0.1,0,0.2,0.5,0.5,0.5,0.2,0.7,0.5,0.2,,
伊朗伊斯兰共和国,IRN,贫困人口比例，按每天1.90美元衡量的（2011 PPP）（占人口的百分比）,SI.POV.DDAY,,,,,0.4,0.4,,,1,,,,0.1,0.2,0.3,0.3,
伊拉克,IRQ,贫困人口比例，按每天1.90美元衡量的（2011 PPP）（占人口的百分比）,SI.POV.DDAY,,,,,,2.1,,,,,,2.5,,,,,
冰岛,ISL,贫困人口比例，按每天1.90美元衡量的（2011 PPP）（占人口的百分比）,SI.POV.DDAY,,,0,0.2,0,0.2,0,0,0,0.2,0.2,0,0,0,,,
以色列,ISR,贫困人口比例，按每天1.90美元衡量的（2011 PPP）（占人口的百分比）,SI.POV.DDAY,0.2,,,,0.5,,0.5,,,0.2,,0.5,,0.5,,0.2,
意大利,ITA,贫困人口比例，按每天1.90美元衡量的（2011 PPP）（占人口的百分比）,SI.POV.DDAY,,,0.7,0.7,0.7,0.7,0.7,0.7,1,1.2,1.2,1.2,1.4,1.2,2,,
牙买加,JAM,贫困人口比例，按每天1.90美元衡量的（2011 PPP）（占人口的百分比）,SI.POV.DDAY,,2.8,,1.7,,,,,,,,,,,,,
约旦,JOR,贫困人口比例，按每天1.90美元衡量的（2011 PPP）（占人口的百分比）,SI.POV.DDAY,,1.1,,,,0.3,,0.1,,0.1,,,,,,,
日本,JPN,贫困人口比例，按每天1.90美元衡量的（2011 PPP）（占人口的百分比）,SI.POV.DDAY,,,,,,,,0.2,,,,,,,,,
哈萨克斯坦,KAZ,贫困人口比例，按每天1.90美元衡量的（2011 PPP）（占人口的百分比）,SI.POV.DDAY,10.3,6.8,4.6,2.3,6.9,0.6,0.3,0.1,0.2,0.1,0,0,0,0,0,0,0
肯尼亚,KEN,贫困人口比例，按每天1.90美元衡量的（2011 PPP）（占人口的百分比）,SI.POV.DDAY,,,,,43.7,,,,,,,,,,36.8,,
吉尔吉斯斯坦,KGZ,贫困人口比例，按每天1.90美元衡量的（2011 PPP）（占人口的百分比）,SI.POV.DDAY,36.4,34.1,28.1,13.6,15.3,9.9,9.9,4,2.1,4.1,1.8,2.9,3.3,1.3,2.5,1.4,1.5
柬埔寨,KHM,贫困人口比例，按每天1.90美元衡量的（2011 PPP）（占人口的百分比）,SI.POV.DDAY,,,,,,,,,,,,,,,,,
基里巴斯,KIR,贫困人口比例，按每天1.90美元衡量的（2011 PPP）（占人口的百分比）,SI.POV.DDAY,,,,,,12.9,,,,,,,,,,,
圣基茨和尼维斯,KNA,贫困人口比例，按每天1.90美元衡量的（2011 PPP）（占人口的百分比）,SI.POV.DDAY,,,,,,,,,,,,,,,,,
大韩民国,KOR,贫困人口比例，按每天1.90美元衡量的（2011 PPP）（占人口的百分比）,SI.POV.DDAY,,,,,,0.2,,0.2,,0.5,,0.2,,,,,
科威特,KWT,贫困人口比例，按每天1.90美元衡量的（2011 PPP）（占人口的百分比）,SI.POV.DDAY,,,,,,,,,,,,,,,,,
拉丁美洲与加勒比海地区（不包括高收入）,LAC,贫困人口比例，按每天1.90美元衡量的（2011 PPP）（占人口的百分比）,SI.POV.DDAY,,,,,,,,,,,,,,,,,
老挝,LAO,贫困人口比例，按每天1.90美元衡量的（2011 PPP）（占人口的百分比）,SI.POV.DDAY,,33.8,,,,,27,,,,,22.7,,,,,
黎巴嫩,LBN,贫困人口比例，按每天1.90美元衡量的（2011 PPP）（占人口的百分比）,SI.POV.DDAY,,,,,,,,,,,0,,,,,,
利比里亚,LBR,贫困人口比例，按每天1.90美元衡量的（2011 PPP）（占人口的百分比）,SI.POV.DDAY,,,,,,,68.6,,,,,,,38.6,,40.9,
利比亚,LBY,贫困人口比例，按每天1.90美元衡量的（2011 PPP）（占人口的百分比）,SI.POV.DDAY,,,,,,,,,,,,,,,,,
圣卢西亚,LCA,贫困人口比例，按每天1.90美元衡量的（2011 PPP）（占人口的百分比）,SI.POV.DDAY,,,,,,,,,,,,,,,,4.7,
拉丁美洲与加勒比海地区,LCN,贫困人口比例，按每天1.90美元衡量的（2011 PPP）（占人口的百分比）,SI.POV.DDAY,,11.8,,,9.9,,,6.9,,6.2,5.7,4.7,4.6,,3.9,,
最不发达国家：联合国分类,LDC,贫困人口比例，按每天1.90美元衡量的（2011 PPP）（占人口的百分比）,SI.POV.DDAY,,,,,,,,,,,,,,,,,
低收入国家,LIC,贫困人口比例，按每天1.90美元衡量的（2011 PPP）（占人口的百分比）,SI.POV.DDAY,,62.2,,,55.7,,,51.3,,49,47.7,46.1,45.1,,45,,
列支敦士登,LIE,贫困人口比例，按每天1.90美元衡量的（2011 PPP）（占人口的百分比）,SI.POV.DDAY,,,,,,,,,,,,,,,,,
斯里兰卡,LKA,贫困人口比例，按每天1.90美元衡量的（2011 PPP）（占人口的百分比）,SI.POV.DDAY,,8.3,,,,3.8,,,2.4,,,1.9,,,,0.8,
中低等收入国家,LMC,贫困人口比例，按每天1.90美元衡量的（2011 PPP）（占人口的百分比）,SI.POV.DDAY,,35.2,,,31,,,27.4,,23.3,20,18.6,16.9,,14.1,,
中低收入国家,LMY,贫困人口比例，按每天1.90美元衡量的（2011 PPP）（占人口的百分比）,SI.POV.DDAY,,30.7,,,24.8,,,21.7,,18.8,16.3,15.2,13.3,,11.8,,
莱索托,LSO,贫困人口比例，按每天1.90美元衡量的（2011 PPP）（占人口的百分比）,SI.POV.DDAY,,61.3,,,,,,,,59.7,,,,,,,
後期人口紅利,LTE,贫困人口比例，按每天1.90美元衡量的（2011 PPP）（占人口的百分比）,SI.POV.DDAY,,,,,,,,,,,,,,,,,
立陶宛,LTU,贫困人口比例，按每天1.90美元衡量的（2011 PPP）（占人口的百分比）,SI.POV.DDAY,,,,2.7,1.7,1.5,1.2,1.5,2.2,1.5,0.7,1,0.7,1.2,0.7,,
卢森堡,LUX,贫困人口比例，按每天1.90美元衡量的（2011 PPP）（占人口的百分比）,SI.POV.DDAY,,,0,0,0,0,0,0,0,0,0,0,0.1,0.2,0.2,,
拉脱维亚,LVA,贫困人口比例，按每天1.90美元衡量的（2011 PPP）（占人口的百分比）,SI.POV.DDAY,,,,2.5,2.2,1.5,0.5,1.2,1.7,1.7,1,1,1.2,0.7,0.7,,
中国澳门特别行政区,MAC,贫困人口比例，按每天1.90美元衡量的（2011 PPP）（占人口的百分比）,SI.POV.DDAY,,,,,,,,,,,,,,,,,
圣马丁（法属）,MAF,贫困人口比例，按每天1.90美元衡量的（2011 PPP）（占人口的百分比）,SI.POV.DDAY,,,,,,,,,,,,,,,,,
摩洛哥,MAR,贫困人口比例，按每天1.90美元衡量的（2011 PPP）（占人口的百分比）,SI.POV.DDAY,,,,,,3.1,,,,,,,1,,,,
摩纳哥,MCO,贫困人口比例，按每天1.90美元衡量的（2011 PPP）（占人口的百分比）,SI.POV.DDAY,,,,,,,,,,,,,,,,,
摩尔多瓦,MDA,贫困人口比例，按每天1.90美元衡量的（2011 PPP）（占人口的百分比）,SI.POV.DDAY,27.2,16.3,7.5,8.6,13.9,2.4,1.1,1.3,1,0.5,0.3,0.3,0.1,0,0,0.2,0.1
马达加斯加,MDG,贫困人口比例，按每天1.90美元衡量的（2011 PPP）（占人口的百分比）,SI.POV.DDAY,68.7,,,,72,,,,,78.5,,77.6,,,,,
马尔代夫,MDV,贫困人口比例，按每天1.90美元衡量的（2011 PPP）（占人口的百分比）,SI.POV.DDAY,,10,,,,,,,7.3,,,,,,,,
中东与北非地区,MEA,贫困人口比例，按每天1.90美元衡量的（2011 PPP）（占人口的百分比）,SI.POV.DDAY,,3.4,,,3.1,,,2.7,,2,2.4,2.4,2.4,,4.2,,
墨西哥,MEX,贫困人口比例，按每天1.90美元衡量的（2011 PPP）（占人口的百分比）,SI.POV.DDAY,,6.7,,6,6.7,4.2,,5.5,,4.6,,3.9,,3.8,,2.2,
马绍尔群岛,MHL,贫困人口比例，按每天1.90美元衡量的（2011 PPP）（占人口的百分比）,SI.POV.DDAY,,,,,,,,,,,,,,,,,
中等收入国家,MIC,贫困人口比例，按每天1.90美元衡量的（2011 PPP）（占人口的百分比）,SI.POV.DDAY,,,,,,,,,,,,,,,,,
北马其顿,MKD,贫困人口比例，按每天1.90美元衡量的（2011 PPP）（占人口的百分比）,SI.POV.DDAY,,,,,,,,,9.6,10.4,8.8,6.8,5.2,4.4,5.2,,
马里,MLI,贫困人口比例，按每天1.90美元衡量的（2011 PPP）（占人口的百分比）,SI.POV.DDAY,58.5,,,,,51.2,,,49.7,,,,,,,,
马耳他,MLT,贫困人口比例，按每天1.90美元衡量的（2011 PPP）（占人口的百分比）,SI.POV.DDAY,,,,,,0.5,0.5,0.2,0.5,0.2,0.2,0.2,0,0,0,,
缅甸,MMR,贫困人口比例，按每天1.90美元衡量的（2011 PPP）（占人口的百分比）,SI.POV.DDAY,,,,,,,,,,,,,,,6.2,,
中东与北非地区（不包括高收入）,MNA,贫困人口比例，按每天1.90美元衡量的（2011 PPP）（占人口的百分比）,SI.POV.DDAY,,,,,,,,,,,,,,,,,
黑山,MNE,贫困人口比例，按每天1.90美元衡量的（2011 PPP）（占人口的百分比）,SI.POV.DDAY,,,,,0.2,0.1,0.4,0.2,0,0,0.2,1.3,1,0,,,
蒙古,MNG,贫困人口比例，按每天1.90美元衡量的（2011 PPP）（占人口的百分比）,SI.POV.DDAY,,9.7,,,,,1.3,,,0.8,0.6,0.4,,0.2,,0.6,
北马里亚纳群岛,MNP,贫困人口比例，按每天1.90美元衡量的（2011 PPP）（占人口的百分比）,SI.POV.DDAY,,,,,,,,,,,,,,,,,
莫桑比克,MOZ,贫困人口比例，按每天1.90美元衡量的（2011 PPP）（占人口的百分比）,SI.POV.DDAY,,81,,,,,,69.1,,,,,,62.4,,,
毛里塔尼亚,MRT,贫困人口比例，按每天1.90美元衡量的（2011 PPP）（占人口的百分比）,SI.POV.DDAY,,,,14.4,,,,10.8,,,,,,6,,,
毛里求斯,MUS,贫困人口比例，按每天1.90美元衡量的（2011 PPP）（占人口的百分比）,SI.POV.DDAY,,,,,,0.4,,,,,,0.5,,,,,
马拉维,MWI,贫困人口比例，按每天1.90美元衡量的（2011 PPP）（占人口的百分比）,SI.POV.DDAY,,,,73.4,,,,,,71.7,,,,,,70.3,
马来西亚,MYS,贫困人口比例，按每天1.90美元衡量的（2011 PPP）（占人口的百分比）,SI.POV.DDAY,,,,0.4,,,0.5,0.5,,,0.1,,0,,0,,
北美,NAC,贫困人口比例，按每天1.90美元衡量的（2011 PPP）（占人口的百分比）,SI.POV.DDAY,,,,,,,,,,,,,,,,,
纳米比亚,NAM,贫困人口比例，按每天1.90美元衡量的（2011 PPP）（占人口的百分比）,SI.POV.DDAY,,,31.5,,,,,,22.6,,,,,,13.4,,
新喀里多尼亚,NCL,贫困人口比例，按每天1.90美元衡量的（2011 PPP）（占人口的百分比）,SI.POV.DDAY,,,,,,,,,,,,,,,,,
尼日尔,NER,贫困人口比例，按每天1.90美元衡量的（2011 PPP）（占人口的百分比）,SI.POV.DDAY,,,,,74.9,,72,,,,50.3,,,44.5,,,
尼日利亚,NGA,贫困人口比例，按每天1.90美元衡量的（2011 PPP）（占人口的百分比）,SI.POV.DDAY,,,53.5,,,,,,53.5,,,,,,,,
尼加拉瓜,NIC,贫困人口比例，按每天1.90美元衡量的（2011 PPP）（占人口的百分比）,SI.POV.DDAY,16.5,,,,8.3,,,,7.3,,,,,3.2,,,
荷兰,NLD,贫困人口比例，按每天1.90美元衡量的（2011 PPP）（占人口的百分比）,SI.POV.DDAY,,,,0.2,0,0,0,0,0.2,0,0,0,0,0,0,,
挪威,NOR,贫困人口比例，按每天1.90美元衡量的（2011 PPP）（占人口的百分比）,SI.POV.DDAY,,,0.2,0.2,0.2,0.2,0.2,0.2,0,0,0,0,0,0,0.2,,
尼泊尔,NPL,贫困人口比例，按每天1.90美元衡量的（2011 PPP）（占人口的百分比）,SI.POV.DDAY,,,46.1,,,,,,,15,,,,,,,
瑙魯,NRU,贫困人口比例，按每天1.90美元衡量的（2011 PPP）（占人口的百分比）,SI.POV.DDAY,,,,,,,,,,,,,,,,,
新西兰,NZL,贫困人口比例，按每天1.90美元衡量的（2011 PPP）（占人口的百分比）,SI.POV.DDAY,,,,,,,,,,,,,,,,,
经合组织成员,OED,贫困人口比例，按每天1.90美元衡量的（2011 PPP）（占人口的百分比）,SI.POV.DDAY,,,,,,,,,,,,,,,,,
阿曼,OMN,贫困人口比例，按每天1.90美元衡量的（2011 PPP）（占人口的百分比）,SI.POV.DDAY,,,,,,,,,,,,,,,,,
其他小国,OSS,贫困人口比例，按每天1.90美元衡量的（2011 PPP）（占人口的百分比）,SI.POV.DDAY,,,,,,,,,,,,,,,,,
巴基斯坦,PAK,贫困人口比例，按每天1.90美元衡量的（2011 PPP）（占人口的百分比）,SI.POV.DDAY,28.6,,,18,16.5,,13.2,,,8.3,7.9,,6.1,,3.9,,
巴拿马,PAN,贫困人口比例，按每天1.90美元衡量的（2011 PPP）（占人口的百分比）,SI.POV.DDAY,15.5,11.2,11.2,10.1,10,10.5,7.8,5.2,3.2,4.5,3,4.1,2.8,3.5,2,2.2,2.5
秘鲁,PER,贫困人口比例，按每天1.90美元衡量的（2011 PPP）（占人口的百分比）,SI.POV.DDAY,17.2,15,11.7,13.5,15.3,13.3,11,9,7,5.5,5.2,4.7,4.3,3.7,3.6,3.5,3.4
菲律宾,PHL,贫困人口比例，按每天1.90美元衡量的（2011 PPP）（占人口的百分比）,SI.POV.DDAY,,,13.2,,,14.5,,,10.9,,,10.5,,,6.1,,
帕劳,PLW,贫困人口比例，按每天1.90美元衡量的（2011 PPP）（占人口的百分比）,SI.POV.DDAY,,,,,,,,,,,,,,,,,
巴布亚新几内亚,PNG,贫困人口比例，按每天1.90美元衡量的（2011 PPP）（占人口的百分比）,SI.POV.DDAY,,,,,,,,,38,,,,,,,,
波兰,POL,贫困人口比例，按每天1.90美元衡量的（2011 PPP）（占人口的百分比）,SI.POV.DDAY,,,,2.2,1,0.7,0.5,0.2,0.2,0.2,0.2,0.2,0.5,0.5,0.5,,
預人口紅利,PRE,贫困人口比例，按每天1.90美元衡量的（2011 PPP）（占人口的百分比）,SI.POV.DDAY,,,,,,,,,,,,,,,,,
波多黎各,PRI,贫困人口比例，按每天1.90美元衡量的（2011 PPP）（占人口的百分比）,SI.POV.DDAY,,,,,,,,,,,,,,,,,
朝鲜民主主义人民共和国,PRK,贫困人口比例，按每天1.90美元衡量的（2011 PPP）（占人口的百分比）,SI.POV.DDAY,,,,,,,,,,,,,,,,,
葡萄牙,PRT,贫困人口比例，按每天1.90美元衡量的（2011 PPP）（占人口的百分比）,SI.POV.DDAY,,,1,0.5,0.5,0,0.2,0.2,0.2,0.2,0.5,0.7,0.7,0.5,0.5,,
巴拉圭,PRY,贫困人口比例，按每天1.90美元衡量的（2011 PPP）（占人口的百分比）,SI.POV.DDAY,8.9,13.2,8.3,5.7,6.1,7.9,7.8,4.3,5.8,5.5,5,3.3,1.8,2.4,1.9,1.7,1.2
约旦河西岸和加沙,PSE,贫困人口比例，按每天1.90美元衡量的（2011 PPP）（占人口的百分比）,SI.POV.DDAY,,,,1.1,0.9,0.3,1.5,,0.3,0.2,0.2,,,,,1,
太平洋岛国,PSS,贫困人口比例，按每天1.90美元衡量的（2011 PPP）（占人口的百分比）,SI.POV.DDAY,,,,,,,,,,,,,,,,,
人口紅利之後,PST,贫困人口比例，按每天1.90美元衡量的（2011 PPP）（占人口的百分比）,SI.POV.DDAY,,,,,,,,,,,,,,,,,
法属波利尼西亚,PYF,贫困人口比例，按每天1.90美元衡量的（2011 PPP）（占人口的百分比）,SI.POV.DDAY,,,,,,,,,,,,,,,,,
卡塔尔,QAT,贫困人口比例，按每天1.90美元衡量的（2011 PPP）（占人口的百分比）,SI.POV.DDAY,,,,,,,,,,,,,,,,,
罗马尼亚,ROU,贫困人口比例，按每天1.90美元衡量的（2011 PPP）（占人口的百分比）,SI.POV.DDAY,,,,,,8,5.7,4.5,3.5,4.5,5.7,6.7,7.2,7.5,5.7,,
俄罗斯联邦,RUS,贫困人口比例，按每天1.90美元衡量的（2011 PPP）（占人口的百分比）,SI.POV.DDAY,1.3,0.7,0.8,0.7,0.5,0.3,0.1,0.1,0,0.1,0,0,0,0,0,,
卢旺达,RWA,贫困人口比例，按每天1.90美元衡量的（2011 PPP）（占人口的百分比）,SI.POV.DDAY,,,,,68.3,,,,,62.3,,,56.8,,,55.5,
南亚,SAS,贫困人口比例，按每天1.90美元衡量的（2011 PPP）（占人口的百分比）,SI.POV.DDAY,,38.6,,,33.7,,,29.5,,24.6,19.8,18.2,16.1,,,,
沙特阿拉伯,SAU,贫困人口比例，按每天1.90美元衡量的（2011 PPP）（占人口的百分比）,SI.POV.DDAY,,,,,,,,,,,,,,,,,
苏丹,SDN,贫困人口比例，按每天1.90美元衡量的（2011 PPP）（占人口的百分比）,SI.POV.DDAY,,,,,,,,,14.9,,,,,,,,
塞内加尔,SEN,贫困人口比例，按每天1.90美元衡量的（2011 PPP）（占人口的百分比）,SI.POV.DDAY,48.3,,,,37.4,,,,,,38,,,,,,
新加坡,SGP,贫困人口比例，按每天1.90美元衡量的（2011 PPP）（占人口的百分比）,SI.POV.DDAY,,,,,,,,,,,,,,,,,
所罗门群岛,SLB,贫困人口比例，按每天1.90美元衡量的（2011 PPP）（占人口的百分比）,SI.POV.DDAY,,,,,45.6,,,,,,,,25.1,,,,
塞拉利昂,SLE,贫困人口比例，按每天1.90美元衡量的（2011 PPP）（占人口的百分比）,SI.POV.DDAY,,,60.6,,,,,,,,52.2,,,,,,
萨尔瓦多,SLV,贫困人口比例，按每天1.90美元衡量的（2011 PPP）（占人口的百分比）,SI.POV.DDAY,13.5,14,14.8,10.9,10.4,6.9,4.5,6.7,6.4,5.5,4.5,4.1,3.2,3,1.9,2.2,1.9
圣马力诺,SMR,贫困人口比例，按每天1.90美元衡量的（2011 PPP）（占人口的百分比）,SI.POV.DDAY,,,,,,,,,,,,,,,,,
索马里,SOM,贫困人口比例，按每天1.90美元衡量的（2011 PPP）（占人口的百分比）,SI.POV.DDAY,,,,,,,,,,,,,,,,,
塞尔维亚,SRB,贫困人口比例，按每天1.90美元衡量的（2011 PPP）（占人口的百分比）,SI.POV.DDAY,,,,,,,,,,,,5.5,6.7,5.7,5.5,,
撒哈拉以南非洲地区（不包括高收入）,SSA,贫困人口比例，按每天1.90美元衡量的（2011 PPP）（占人口的百分比）,SI.POV.DDAY,,,,,,,,,,,,,,,,,
南苏丹,SSD,贫困人口比例，按每天1.90美元衡量的（2011 PPP）（占人口的百分比）,SI.POV.DDAY,,,,,,,,,42.7,,,,,,,,
撒哈拉以南非洲地区,SSF,贫困人口比例，按每天1.90美元衡量的（2011 PPP）（占人口的百分比）,SI.POV.DDAY,,55.3,,,50.8,,,48,,46.5,45.1,43.9,42.6,,41.4,,
小国,SST,贫困人口比例，按每天1.90美元衡量的（2011 PPP）（占人口的百分比）,SI.POV.DDAY,,,,,,,,,,,,,,,,,
圣多美和普林西比,STP,贫困人口比例，按每天1.90美元衡量的（2011 PPP）（占人口的百分比）,SI.POV.DDAY,,,,,,,,,,32.3,,,,,,,
苏里南,SUR,贫困人口比例，按每天1.90美元衡量的（2011 PPP）（占人口的百分比）,SI.POV.DDAY,,,,,,,,,,,,,,,,,
斯洛伐克共和国,SVK,贫困人口比例，按每天1.90美元衡量的（2011 PPP）（占人口的百分比）,SI.POV.DDAY,,,,0,0.2,0.2,0.2,0.5,0.4,0.5,0.5,0.2,0.2,0.7,0.7,,
斯洛文尼亚,SVN,贫困人口比例，按每天1.90美元衡量的（2011 PPP）（占人口的百分比）,SI.POV.DDAY,,,,0,0,0,0,0,0,0,0,0,0,0,0,,
瑞典,SWE,贫困人口比例，按每天1.90美元衡量的（2011 PPP）（占人口的百分比）,SI.POV.DDAY,,,0.2,0.5,0.9,0.2,0.5,0.5,0.5,0.5,0.5,0.5,0.7,0.5,0.5,,
斯威士兰,SWZ,贫困人口比例，按每天1.90美元衡量的（2011 PPP）（占人口的百分比）,SI.POV.DDAY,,,,,,,,,42,,,,,,,,
圣马丁(荷属),SXM,贫困人口比例，按每天1.90美元衡量的（2011 PPP）（占人口的百分比）,SI.POV.DDAY,,,,,,,,,,,,,,,,,
塞舌尔,SYC,贫困人口比例，按每天1.90美元衡量的（2011 PPP）（占人口的百分比）,SI.POV.DDAY,,,,,,,,,,,,,1.1,,,,
阿拉伯叙利亚共和国,SYR,贫困人口比例，按每天1.90美元衡量的（2011 PPP）（占人口的百分比）,SI.POV.DDAY,,,,1.7,,,,,,,,,,,,,
特克斯科斯群岛,TCA,贫困人口比例，按每天1.90美元衡量的（2011 PPP）（占人口的百分比）,SI.POV.DDAY,,,,,,,,,,,,,,,,,
乍得,TCD,贫困人口比例，按每天1.90美元衡量的（2011 PPP）（占人口的百分比）,SI.POV.DDAY,,,62.9,,,,,,,,38.4,,,,,,
东亚与太平洋地区 (IBRD与IDA),TEA,贫困人口比例，按每天1.90美元衡量的（2011 PPP）（占人口的百分比）,SI.POV.DDAY,,,,,,,,,,,,,,,,,
欧洲与中亚地区 (IBRD与IDA),TEC,贫困人口比例，按每天1.90美元衡量的（2011 PPP）（占人口的百分比）,SI.POV.DDAY,,,,,,,,,,,,,,,,,
多哥,TGO,贫困人口比例，按每天1.90美元衡量的（2011 PPP）（占人口的百分比）,SI.POV.DDAY,,,,,,55.6,,,,,54.2,,,,49.2,,
泰国,THA,贫困人口比例，按每天1.90美元衡量的（2011 PPP）（占人口的百分比）,SI.POV.DDAY,,1.1,,0.8,,0.7,0.3,0.1,0.2,0.1,0,0.1,0,0,0,0,0
塔吉克斯坦,TJK,贫困人口比例，按每天1.90美元衡量的（2011 PPP）（占人口的百分比）,SI.POV.DDAY,,,30.8,15.4,,,10.4,,4.7,,,,,,4.8,,
土库曼斯坦,TKM,贫困人口比例，按每天1.90美元衡量的（2011 PPP）（占人口的百分比）,SI.POV.DDAY,,,,,,,,,,,,,,,,,
拉丁美洲与加勒比海地区 (IBRD与IDA),TLA,贫困人口比例，按每天1.90美元衡量的（2011 PPP）（占人口的百分比）,SI.POV.DDAY,,,,,,,,,,,,,,,,,
东帝汶,TLS,贫困人口比例，按每天1.90美元衡量的（2011 PPP）（占人口的百分比）,SI.POV.DDAY,46,,,,,,47,,,,,,,30.7,,,
中东与北非地区 (IBRD与IDA),TMN,贫困人口比例，按每天1.90美元衡量的（2011 PPP）（占人口的百分比）,SI.POV.DDAY,,,,,,,,,,,,,,,,,
汤加,TON,贫困人口比例，按每天1.90美元衡量的（2011 PPP）（占人口的百分比）,SI.POV.DDAY,2.8,,,,,,,,1.1,,,,,,1,,
南亚 (IBRD与IDA),TSA,贫困人口比例，按每天1.90美元衡量的（2011 PPP）（占人口的百分比）,SI.POV.DDAY,,,,,,,,,,,,,,,,,
撒哈拉以南非洲地区 (IBRD与IDA),TSS,贫困人口比例，按每天1.90美元衡量的（2011 PPP）（占人口的百分比）,SI.POV.DDAY,,,,,,,,,,,,,,,,,
特立尼达和多巴哥,TTO,贫困人口比例，按每天1.90美元衡量的（2011 PPP）（占人口的百分比）,SI.POV.DDAY,,,,,,,,,,,,,,,,,
突尼斯,TUN,贫困人口比例，按每天1.90美元衡量的（2011 PPP）（占人口的百分比）,SI.POV.DDAY,,,,,3.3,,,,,2,,,,,0.3,,
土耳其,TUR,贫困人口比例，按每天1.90美元衡量的（2011 PPP）（占人口的百分比）,SI.POV.DDAY,,2.5,4.2,2.2,2.6,1.9,1.4,0.6,0.9,0.8,0.3,0.3,0.3,0.3,0.3,0.2,
图瓦卢,TUV,贫困人口比例，按每天1.90美元衡量的（2011 PPP）（占人口的百分比）,SI.POV.DDAY,,,,,,,,,,3.3,,,,,,,
坦桑尼亚,TZA,贫困人口比例，按每天1.90美元衡量的（2011 PPP）（占人口的百分比）,SI.POV.DDAY,,,,,,,59.9,,,,49.1,,,,,,
乌干达,UGA,贫困人口比例，按每天1.90美元衡量的（2011 PPP）（占人口的百分比）,SI.POV.DDAY,,65.1,,,56.4,,,,44.6,,,35.9,,,,41.7,
乌克兰,UKR,贫困人口比例，按每天1.90美元衡量的（2011 PPP）（占人口的百分比）,SI.POV.DDAY,,1.7,0.6,0.6,0.3,0.1,0.1,0,0.1,0,0,0,0,0,0.1,0.1,
中高等收入国家,UMC,贫困人口比例，按每天1.90美元衡量的（2011 PPP）（占人口的百分比）,SI.POV.DDAY,,20.8,,,12.8,,,9.8,,7.7,5.7,4.9,2.3,,1.6,,
乌拉圭,URY,贫困人口比例，按每天1.90美元衡量的（2011 PPP）（占人口的百分比）,SI.POV.DDAY,,,,,,0.5,0.3,0.2,0.2,0.1,0.1,0.1,0.2,0.1,0.1,0.1,0.1
美国,USA,贫困人口比例，按每天1.90美元衡量的（2011 PPP）（占人口的百分比）,SI.POV.DDAY,,,,1,,,1,,,1,,,1,,,1.2,
乌兹别克斯坦,UZB,贫困人口比例，按每天1.90美元衡量的（2011 PPP）（占人口的百分比）,SI.POV.DDAY,,58.2,62.1,,,,,,,,,,,,,,
圣文森特和格林纳丁斯,VCT,贫困人口比例，按每天1.90美元衡量的（2011 PPP）（占人口的百分比）,SI.POV.DDAY,,,,,,,,,,,,,,,,,
委内瑞拉玻利瓦尔共和国,VEN,贫困人口比例，按每天1.90美元衡量的（2011 PPP）（占人口的百分比）,SI.POV.DDAY,11,18.2,22.7,19.8,18.9,10.2,,,,,,,,,,,
英屬維爾京群島,VGB,贫困人口比例，按每天1.90美元衡量的（2011 PPP）（占人口的百分比）,SI.POV.DDAY,,,,,,,,,,,,,,,,,
美属维京群岛,VIR,贫困人口比例，按每天1.90美元衡量的（2011 PPP）（占人口的百分比）,SI.POV.DDAY,,,,,,,,,,,,,,,,,
越南,VNM,贫困人口比例，按每天1.90美元衡量的（2011 PPP）（占人口的百分比）,SI.POV.DDAY,,38,,26.5,,19.5,,14.8,,4.2,,2.8,,2.7,,2,
瓦努阿图,VUT,贫困人口比例，按每天1.90美元衡量的（2011 PPP）（占人口的百分比）,SI.POV.DDAY,,,,,,,,,,13.1,,,,,,,
世界,WLD,贫困人口比例，按每天1.90美元衡量的（2011 PPP）（占人口的百分比）,SI.POV.DDAY,,25.5,,,20.7,,,18.2,,15.7,13.7,12.8,11.2,,10,,
萨摩亚,WSM,贫困人口比例，按每天1.90美元衡量的（2011 PPP）（占人口的百分比）,SI.POV.DDAY,,2,,,,,,0.6,,,,,1.1,,,,
科索沃,XKX,贫困人口比例，按每天1.90美元衡量的（2011 PPP）（占人口的百分比）,SI.POV.DDAY,,,1.7,,3,3.2,,,2.7,2.2,1.4,0.5,0.3,0.7,0.4,0.6,0.2
也门共和国,YEM,贫困人口比例，按每天1.90美元衡量的（2011 PPP）（占人口的百分比）,SI.POV.DDAY,,,,,9.8,,,,,,,,,18.8,,,
南非,ZAF,贫困人口比例，按每天1.90美元衡量的（2011 PPP）（占人口的百分比）,SI.POV.DDAY,,,,,26.1,,,16.9,,16.5,,,,18.9,,,
赞比亚,ZMB,贫困人口比例，按每天1.90美元衡量的（2011 PPP）（占人口的百分比）,SI.POV.DDAY,,49.4,,56.7,,60.5,,,,64.4,,,,,57.5,,
津巴布韦,ZWE,贫困人口比例，按每天1.90美元衡量的（2011 PPP）（占人口的百分比）,SI.POV.DDAY,,,,,,,,,,,21.4,,,,,,
